주소,용도,면적,날짜,국적,
경기도 고양시 덕양구 화전동 ,기타,220,2019.01.07,미국,
경기도 고양시 덕양구 화전동 ,기타,227,2019.01.07,미국,
경기도 고양시 덕양구 화전동 ,기타,363,2019.01.07,미국,
경기도 고양시 덕양구 화전동 ,기타,464,2019.01.07,미국,
경기도 고양시 덕양구 화전동 ,기타,839,2019.01.07,미국,
경기도 고양시 덕양구 고양동,주택용지(그 밖의 주택),38.32,2019.01.11,중국,
경기도 고양시 덕양구 삼송동 ,주택용지(단독주택),340,2019.01.14,캐나다,
경기도 고양시 덕양구 토당동 ,주택용지(아파트),32.2,2019.01.15,미국,
경기도 고양시 덕양구 주교동 ,주택용지(그 밖의 주택),37.82,2019.01.18,중국,
경기도 고양시 덕양구 행신동 ,주택용지(그 밖의 주택),28.91,2019.01.22,미국,
경기도 고양시 덕양구 화정동 ,주택용지(아파트),10.048863,2019.01.23,오스트레일리아,
경기도 고양시 덕양구 화정동 ,주택용지(아파트),10.050137,2019.01.23,오스트레일리아,
경기도 고양시 덕양구 화정동 ,주택용지(아파트),34.927,2019.01.24,미국,
경기도 고양시 덕양구 현천동,기타,"14,925.50",2019.01.25,오스트레일리아,
경기도 고양시 덕양구 동산동,주택용지(그 밖의 주택),24.2577,2019.01.30,미국,
경기도 고양시 덕양구 화정동 ,주택용지(아파트),35.156,2019.01.31,중국,
경기도 고양시 덕양구 동산동,주택용지(그 밖의 주택),24.2577,2019.01.24,미국,1
경기도 고양시 덕양구 주교동 ,기타,57.179487,2019.02.13,미국,
경기도 고양시 덕양구 주교동 ,기타,10.128205,2019.02.13,미국,
경기도 고양시 덕양구 주교동 ,기타,86.923077,2019.02.13,미국,
경기도 고양시 덕양구 주교동 ,기타,552.179487,2019.02.13,미국,
경기도 고양시 덕양구 주교동 ,주택용지(그 밖의 주택),30.48,2019.02.15,미국,
경기도 고양시 덕양구 화정동,주택용지(아파트),35.156,2019.02.12,중국,
경기도 고양시 덕양구 주교동 ,주택용지(아파트),37.03,2019.02.15,중국,
경기도 고양시 덕양구 토당동 ,주택용지(아파트),25.26,2019.02.20,미국,
경기도 고양시 덕양구 행신동,주택용지(아파트),14.41,2019.02.21,러시아,
경기도 고양시 덕양구 행신동,주택용지(아파트),14.41,2019.02.21,러시아,
경기도 고양시 덕양구 동산동 ,주택용지(그 밖의 주택),16.9758,2019.02.26,미국,
경기도 고양시 덕양구 도내동,주택용지(아파트),51.33,2019.03.05,미국,
경기도 고양시 덕양구 화정동,주택용지(아파트),35.156,2019.03.11,미국,
경기도 고양시 덕양구 성사동,주택용지(그 밖의 주택),29.33,2019.03.14,중국,
경기도 고양시 덕양구 화정동,주택용지(아파트),43.818,2019.03.20,미국,
경기도 고양시 덕양구 원흥동,주택용지(그 밖의 주택),7.4787,2019.03.27,미국,
경기도 고양시 덕양구 원흥동,주택용지(그 밖의 주택),16.83,2019.03.28,미국,
경기도 고양시 덕양구 화정동,주택용지(아파트),35.121,2019.03.29,일본,
경기도 고양시 덕양구 주교동,주택용지(아파트),9.245,2019.03.08,중국,
경기도 고양시 덕양구 행신동 ,주택용지(아파트),7.71278,2019.04.04,미국,
경기도 고양시 덕양구 행신동,주택용지(아파트),19.85572,,미국,
경기도 고양시 덕양구 원당동 ,기타,37.44,2019.04.08,미국,
경기도 고양시 덕양구 원당동,기타,51.33,,미국,
경기도 고양시 덕양구 원당동,기타,462,,미국,
경기도 고양시 덕양구 원당동,기타,462,,미국,
경기도 고양시 덕양구 원당동,기타,473.78,,미국,
경기도 고양시 덕양구 원당동 ,기타,37.44,2019.04.08,미국,
경기도 고양시 덕양구 원당동 ,기타,51.33,,미국,
경기도 고양시 덕양구 원당동,기타,462,,미국,
경기도 고양시 덕양구 원당동 ,기타,462,,미국,
경기도 고양시 덕양구 원당동,기타,473.78,,미국,
경기도 고양시 덕양구 내유동,기타,"1,197.00",2019.04.10,일본,
경기도 고양시 덕양구 주교동,주택용지(단독주택),46.6667,2019.04.15,오스트레일리아,
경기도 고양시 덕양구 삼송동,기타,14.9662,2019.04.16,중국,
경기도 고양시 덕양구 삼송동 ,기타,1,2019.04.18,미국,
경기도 고양시 덕양구 삼송동 ,기타,12,,미국,
경기도 고양시 덕양구 삼송동,기타,106,,미국,
경기도 고양시 덕양구 삼송동 ,기타,1.2308,,미국,
경기도 고양시 덕양구 삼송동 ,기타,12.9231,,미국,
경기도 고양시 덕양구 삼송동 ,기타,15.5385,,미국,
경기도 고양시 덕양구 삼송동,기타,25.1538,,미국,
경기도 고양시 덕양구 삼송동,기타,50.3077,,미국,
경기도 고양시 덕양구 삼송동 ,기타,62.7692,,미국,
경기도 고양시 덕양구 삼송동,기타,108.3077,,미국,
경기도 고양시 덕양구 삼송동 ,기타,254.5385,,미국,
경기도 고양시 덕양구 주교동 ,주택용지(아파트),37.03,2019.04.29,중국,
경기도 고양시 덕양구 내유동 ,기타,"1,197.00",2019.04.10,일본,1
경기도 고양시 덕양구 삼송동,기타,14.9662,2019.04.16,중국,1
경기도 고양시 덕양구 주교동,주택용지(그 밖의 주택),16.59,2019.05.03,중국,
경기도 고양시 덕양구 주교동,주택용지(단독주택),7.6282,2019.05.07,미국,
경기도 고양시 덕양구 성사동 ,주택용지(아파트),39.383,2019.05.07,중국,
경기도 고양시 덕양구 관산동 ,주택용지(그 밖의 주택),68.5,2019.05.09,중국,
경기도 고양시 덕양구 삼송동 ,주택용지(그 밖의 주택),60.15,2019.05.14,중국,
경기도 고양시 덕양구 원흥동 ,주택용지(그 밖의 주택),"1,729.93",2019.05.16,미국,
경기도 고양시 덕양구 원당동 ,기타,18.722,2019.05.22,미국,
경기도 고양시 덕양구 원당동 ,기타,25.667,,미국,
경기도 고양시 덕양구 원당동,기타,959.33,,미국,
경기도 고양시 덕양구 원당동,기타,236.889,,미국,
경기도 고양시 덕양구 행신동 ,주택용지(그 밖의 주택),4.092015,2019.05.22,중국,
경기도 고양시 덕양구 행신동 ,주택용지(그 밖의 주택),4.153985,,중국,
경기도 고양시 덕양구 행신동,주택용지(아파트),30,2019.05.23,미국,
경기도 고양시 덕양구 주교동 ,주택용지(그 밖의 주택),21.23,2019.05.27,중국,
경기도 고양시 덕양구 행신동 ,주택용지(그 밖의 주택),40.14,2019.05.28,미국,
경기도 고양시 덕양구 동산동 ,주택용지(그 밖의 주택),12.12885,2019.05.31,중국,
경기도 고양시 덕양구 동산동 ,주택용지(그 밖의 주택),12.12885,2019.05.31,중국,
경기도 고양시 덕양구 동산동 ,기타,12.1289,2019.05.08,중국,1
경기도 고양시 덕양구 동산동 ,기타,12.1289,2019.05.08,중국,1
경기도 고양시 덕양구 내유동 ,주택용지(그 밖의 주택),37.75,2019.05.22,중국,1
경기도 고양시 덕양구 내유동 ,주택용지(그 밖의 주택),40.375,,중국,1
경기도 고양시 덕양구 성사동 ,기타,2.241,2019.06.03,캐나다,
경기도 고양시 덕양구 성사동 ,기타,3.152,,캐나다,
경기도 고양시 덕양구 동산동,주택용지(그 밖의 주택),11.08485,2019.06.05,미국,
경기도 고양시 덕양구 화정동,주택용지(아파트),25.7375,2019.06.05,오스트레일리아,
경기도 고양시 덕양구 주교동 ,주택용지(그 밖의 주택),10.489,2019.06.21,중국,
경기도 고양시 덕양구 동산동 ,기타,16.9084,2019.06.26,미국,
경기도 고양시 덕양구 향동동,주택용지(아파트),25.8492,2019.06.28,말레이지아,
경기도 고양시 덕양구 내유동,주택용지(그 밖의 주택),37.75,2019.06.03,중국,1
경기도 고양시 덕양구 내유동 ,주택용지(그 밖의 주택),40.375,,중국,1
경기도 고양시 덕양구 동산동 ,주택용지(그 밖의 주택),16.9084,2019.06.25,미국,1
경기도 고양시 덕양구 향동동,주택용지(아파트),25.8492,2019.06.25,말레이지아,1
경기도 고양시 덕양구 삼송동,주택용지(그 밖의 주택),14.8911,2019.07.02,미국,
경기도 고양시 덕양구 행신동 ,주택용지(아파트),30.714,2019.07.02,미국,
경기도 고양시 덕양구 성사동,기타,340.32,2019.07.03,미국,
경기도 고양시 덕양구 성사동,기타,399.12,,미국,
경기도 고양시 덕양구 주교동,주택용지(아파트),19.155,2019.07.04,베트남,
경기도 고양시 덕양구 내유동,주택용지(그 밖의 주택),74.59,2019.07.08,중국,
경기도 고양시 덕양구 행신동 ,주택용지(아파트),4.598167,2019.07.11,대만,
경기도 고양시 덕양구 행신동 ,주택용지(아파트),11.837483,,대만,
경기도 고양시 덕양구 관산동 ,공장용지,680,2019.07.15,대만,
경기도 고양시 덕양구 행신동 ,주택용지(아파트),12.714,2019.07.20,중국,
경기도 고양시 덕양구 행신동,주택용지(아파트),12.714,2019.07.20,중국,
경기도 고양시 덕양구 도내동 ,주택용지(그 밖의 주택),4.6916,2019.07.25,중국,
경기도 고양시 덕양구 삼송동 ,주택용지(그 밖의 주택),14.8911,2019.07.02,미국,1
경기도 고양시 덕양구 삼송동 ,주택용지(그 밖의 주택),7.609,2019.07.15,미국,1
경기도 고양시 덕양구 오금동 ,주택용지(단독주택),190.906,2019.07.15,미국,1
경기도 고양시 덕양구 오금동,주택용지(단독주택),200.7424,2019.07.23,미국,1
경기도 고양시 덕양구 삼송동,주택용지(그 밖의 주택),11.7128,2019.08.05,미국,
경기도 고양시 덕양구 벽제동,기타,991.74,2019.09.02,중국,
경기도 고양시 덕양구 벽제동,기타,330.58,2019.09.02,중국,
경기도 고양시 덕양구 벽제동,기타,495.87,2019.09.02,중국,
경기도 고양시 덕양구 대자동,기타,205,2019.08.12,캐나다,
경기도 고양시 덕양구 대자동 ,기타,665,,캐나다,
경기도 고양시 덕양구 대자동 ,기타,720,,캐나다,
경기도 고양시 덕양구 대자동,기타,"1,983.00",,캐나다,
경기도 고양시 덕양구 대자동,기타,"21,295.00",,캐나다,
경기도 고양시 덕양구 동산동 ,기타,9.2209,2019.08.13,중국,
경기도 고양시 덕양구 현천동,기타,"1,786.15",2019.08.23,미국,
경기도 고양시 덕양구 토당동 ,주택용지(아파트),37.5288,2019.09.02,미국,
경기도 고양시 덕양구 토당동 ,주택용지(아파트),37.5288,2019.09.02,미국,
경기도 고양시 덕양구 고양동 ,주택용지(그 밖의 주택),24.69,2019.08.30,중국,
경기도 고양시 덕양구 벽제동,기타,495.87,2019.08.05,중국,1
경기도 고양시 덕양구 벽제동,기타,330.58,2019.08.05,중국,1
경기도 고양시 덕양구 벽제동,기타,991.74,2019.08.05,중국,1
경기도 고양시 덕양구 벽제동,기타,201.66,2019.08.12,중국,1
경기도 고양시 덕양구 삼송동 ,주택용지(그 밖의 주택),14.9586,2019.08.29,캐나다,1
경기도 고양시 덕양구 토당동 ,주택용지(아파트),88,2019.09.03,미국,
경기도 고양시 덕양구 토당동 ,주택용지(아파트),23.5,,미국,
경기도 고양시 덕양구 토당동 ,주택용지(아파트),59.5,,미국,
경기도 고양시 덕양구 토당동 ,주택용지(아파트),17.7277,,미국,
경기도 고양시 덕양구 벽제동,기타,201.66,2019.09.05,중국,
경기도 고양시 덕양구 행신동 ,주택용지(아파트),22,2019.09.06,뉴질랜드,
경기도 고양시 덕양구 화정동 ,주택용지(아파트),35.148,2019.09.07,미국,
경기도 고양시 덕양구 삼송동 ,주택용지(그 밖의 주택),14.9586,2019.09.08,캐나다,
경기도 고양시 덕양구 향동동,주택용지(아파트),56.3352,2019.09.19,미국,
경기도 고양시 덕양구 동산동 ,상업용지,7,2019.09.19,중국,
경기도 고양시 덕양구 동산동 ,상업용지,130,,중국,
경기도 고양시 덕양구 오금동,주택용지(그 밖의 주택),191.0104,2019.09.03,중국,1
경기도 고양시 덕양구 동산동 ,기타,7,2019.09.04,중국,1
경기도 고양시 덕양구 동산동 ,기타,130,,중국,1
경기도 고양시 덕양구 벽제동,기타,201.66,2019.09.05,중국,1
경기도 고양시 덕양구 향동동,주택용지(아파트),56.3352,2019.09.10,미국,1
경기도 고양시 덕양구 도내동,주택용지(그 밖의 주택),4.6916,2019.10.04,미국,
경기도 고양시 덕양구 벽제동,기타,201.66,2019.10.10,중국,
경기도 고양시 덕양구 성사동,주택용지(아파트),50.7513,2019.10.17,캐나다,
경기도 고양시 덕양구 행신동,주택용지(아파트),33,2019.10.21,대만,
경기도 고양시 덕양구 성사동,주택용지(아파트),62.805,2019.10.22,미국,
경기도 고양시 덕양구 삼송동,주택용지(그 밖의 주택),14.9662,2019.10.22,미국,
경기도 고양시 덕양구 도내동,주택용지(아파트),51.34,2019.10.23,미국,
경기도 고양시 덕양구 내곡동,기타,"1,320.00",2019.10.23,대만,
경기도 고양시 덕양구 내곡동,기타,66,2019.10.28,중국,
경기도 고양시 덕양구 벽제동,기타,165.29,2019.10.29,중국,
경기도 고양시 덕양구 화정동,상업용지,7.62,2019.10.29,중국,
경기도 고양시 덕양구 관산동,주택용지(그 밖의 주택),22.438,2019.10.30,미국,
경기도 고양시 덕양구 내곡동,기타,66,2019.10.31,미국,
경기도 고양시 덕양구 벽제동,기타,165.29,2019.10.10,중국,1
경기도 고양시 덕양구 삼송동 ,주택용지(그 밖의 주택),14.9662,2019.10.15,미국,1
경기도 고양시 덕양구 지축동,주택용지(아파트),30.6206,2019.10.30,중국,1
경기도 고양시 덕양구 내유동,기타,71.31,2019.11.06.,중국,
경기도 고양시 덕양구 토당동,주택용지(아파트),37.5288,2019.11.11.,중국,
경기도 고양시 덕양구 토당동,주택용지(아파트),21.3,2019.11.11.,중국,
경기도 고양시 덕양구 지축동,주택용지(아파트),30.6206,2019.11.11.,중국,
경기도 고양시 덕양구 행신동,주택용지(아파트),34,2019.11.11,대만,
경기도 고양시 덕양구 행신동,주택용지(아파트),25.41,2019.11.12,대만,
경기도 고양시 덕양구 내유동,기타,263.8,2019.11.12,캐나다,
경기도 고양시 덕양구 행신동,주택용지(아파트),25.41,2019.11.18.,대만,
경기도 고양시 덕양구 행신동,주택용지(아파트),31.634,2019.11.20,중국,
경기도 고양시 덕양구 토당동,주택용지(그 밖의 주택),13.54,2019.11.26.,미국,
경기도 고양시 덕양구 주교동,주택용지(아파트),32.4,2019.11.26.,미국,
경기도 고양시 덕양구 삼송동,주택용지(그 밖의 주택),14.9662,2019.11.27,미국,
경기도 고양시 덕양구 주교동,주택용지(그 밖의 주택),10.489,2019.11.29,중국,
경기도 고양시 덕양구 지축동,주택용지(아파트),30.6206,2019.10.30.,중국,1
경기도 고양시 덕양구 삼송동,주택용지(그 밖의 주택),14.9662,2019.11.21.,미국,1
경기도 고양시 덕양구 행신동,주택용지(아파트),25.41,2019.12.04.,중국,
경기도 고양시 덕양구 화정동,기타,1547.180556,2019.12.05,미국,
경기도 고양시 덕양구 화정동,기타,160.243056,2019.12.05,미국,
경기도 고양시 덕양구 화정동,기타,203.170139,2019.12.05,미국,
경기도 고양시 덕양구 화정동,기타,206.645833,2019.12.05,미국,
경기도 고양시 덕양구 화정동,기타,161.597222,2019.12.05,미국,
경기도 고양시 덕양구 화정동,기타,47.666667,2019.12.05,미국,
경기도 고양시 덕양구 화정동,기타,181.006944,2019.12.05,미국,
경기도 고양시 덕양구 화정동,기타,196.579861,2019.12.05,미국,
경기도 고양시 덕양구 화정동,기타,3.295139,2019.12.05,미국,
경기도 고양시 덕양구 화정동,기타,656.545139,2019.12.05,미국,
경기도 고양시 덕양구 화정동,기타,35.163194,2019.12.05,미국,
경기도 고양시 덕양구 성사동,기타,519.59375,2019.12.05,미국,
경기도 고양시 덕양구 성사동,기타,298.006944,2019.12.05,미국,
경기도 고양시 덕양구 성사동,기타,267.402778,2019.12.05,미국,
경기도 고양시 덕양구 성사동,기타,2.663194,2019.12.05,미국,
경기도 고양시 덕양구 성사동,기타,4.714286,2019.12.05,미국,
경기도 고양시 덕양구 성사동,기타,0.571429,2019.12.05,미국,
경기도 고양시 덕양구 도내동,기타,0.619048,2019.12.05,미국,
경기도 고양시 덕양구 대장동,기타,8.809524,2019.12.05,미국,
경기도 고양시 덕양구 성사동,기타,330,2019.12.06,캐나다,
경기도 고양시 덕양구 성사동,기타,269,2019.12.06,캐나다,
경기도 고양시 덕양구 성사동,기타,135,2019.12.06,캐나다,
경기도 고양시 덕양구 성사동,기타,61,2019.12.06,캐나다,
경기도 고양시 덕양구 행신동,주택용지(아파트),37.575,2019.12.10.,미국,
경기도 고양시 덕양구 내유동,주택용지(단독주택),1654.1,2019.12.11.,미국,
경기도 고양시 덕양구 대장동,주택용지(그 밖의 주택),18.23,2019.12.17.,캐나다,
경기도 고양시 덕양구 삼송동,주택용지(그 밖의 주택),14.96,2019.12,중국,
경기도 고양시 덕양구 성사동,주택용지(아파트),29.43,2019.12,대만,
경기도 고양시 덕양구 관산동,주택용지(그 밖의 주택),21.63,2019.12.17.,대만,
경기도 고양시 덕양구 도내동,주택용지(아파트),54.34,2019.12,미국,
경기도 고양시 덕양구 도내동,주택용지(그 밖의 주택),3.6118,2019.12.31.,중국,
경기도 고양시 덕양구 삼송동,주택용지(그 밖의 주택),14.9582,2019.11.28.,중국,1
경기도 고양시 덕양구 내유동,주택용지(그 밖의 주택),1654.1,2019.12.02.,미국,1
경기도 고양시 덕양구 내유동,기타,82.4375,2019.12.03.,중국,1
경기도 고양시 덕양구 동산동,주택용지(아파트),60.043,2019.12.24.,뉴질랜드,1
경기도 고양시 덕양구 덕은동,주택용지(그 밖의 주택),5.1165,2019.12.23.,미국,1
경기도 고양시 덕양구 덕은동,기타,6.6453,2019.12.23.,중국,1
경기도 고양시 덕양구 덕은동,기타,6.6453,2019.12.23.,중국,1
경기도 고양시 덕양구 용두동,기타,3146.5,2020.01,중국,
경기도 고양시 덕양구 용두동,기타,472,2020.01.02.,중국,
경기도 고양시 덕양구 용두동,기타,2674.5,2020.01.02.,중국,
경기도 고양시 덕양구 토당동,기타,358.5,2020.01.02.,미국,
경기도 고양시 덕양구 토당동,기타,2073.5,2020.01.02.,미국,
경기도 고양시 덕양구 행신동,주택용지(아파트),34.81,2020.01.03.,대만,
경기도 고양시 덕양구 동산동,주택용지(아파트),60.04,2020.01.06.,뉴질랜드,
경기도 고양시 덕양구 주교동,기타,49,2020.01.08.,중국,
경기도 고양시 덕양구 행신동,주택용지(아파트),24.722,2020.01.08.,미국,
경기도 고양시 덕양구 주교동,기타,66,2020.01.08.,중국,
경기도 고양시 덕양구 신원동,주택용지(아파트),63.6049,2020.01.09.,영국,
경기도 고양시 덕양구 내유동,주택용지(그 밖의 주택),75.3,2020.01.10.,몽골,
경기도 고양시 덕양구 신원동,주택용지(아파트),53.7443,2020.01.13.,중국,
경기도 고양시 덕양구 향동동,주택용지(아파트),19.71795,2020.01.20.,중국,
경기도 고양시 덕양구 주교동,주택용지(아파트),18.63,2020.01.22.,중국,
경기도 고양시 덕양구 도내동,주택용지(아파트),27.17,2020.01.23.,미국,
경기도 고양시 덕양구 도내동,주택용지(아파트),27.17,2020.01.23.,미국,
경기도 고양시 덕양구 화정동,주택용지(그 밖의 주택),5.54,2020.01.23.,중국,
경기도 고양시 덕양구 성사동,주택용지(그 밖의 주택),30.236,2020.01.28.,중국,
경기도 고양시 덕양구 삼송동,주택용지(아파트),83.74,2020.01.28.,중국,
경기도 고양시 덕양구 삼송동,주택용지(아파트),39.85,2020.01.17.,캐나다,
경기도 고양시 덕양구 삼송동,주택용지(아파트),39.85,2020.01.17.,캐나다,
경기도 고양시 덕양구 내유동,주택용지(그 밖의 주택),75.3,2020.01.06.,몽골,1
경기도 고양시 덕양구 신원동,주택용지(아파트),53.7443,2020.01.08.,중국,1
경기도 고양시 덕양구 향동동,주택용지(아파트),19.71795,2020.01.13.,중국,1
경기도 고양시 덕양구 덕은동,주택용지(그 밖의 주택),5.1165,2020.02.11.,미국,
경기도 고양시 덕양구 덕은동,기타,6.65,2020.02.11.,중국,
경기도 고양시 덕양구 덕은동,기타,6.65,2020.02.11.,중국,
경기도 고양시 덕양구 성사동,주택용지(아파트),62.8,2020.02.11.,캐나다,
경기도 고양시 덕양구 주교동,주택용지(아파트),38.98,2020.02.19.,중국,
경기도 고양시 덕양구 성사동,주택용지(아파트),29.43,2020.02.20.,대만,
경기도 고양시 덕양구 행신동,주택용지(아파트),7.71,2020.02.21.,중국,
경기도 고양시 덕양구 행신동,주택용지(아파트),19.86,2020.02.21.,중국,
경기도 고양시 덕양구 동산동,주택용지(그 밖의 주택),3.26,2020.02.21.,중국,
경기도 고양시 덕양구 동산동,주택용지(그 밖의 주택),7.82,2020.02.21.,중국,
경기도 고양시 덕양구 동산동,주택용지(그 밖의 주택),3.26,2020.02.21.,중국,
경기도 고양시 덕양구 동산동,주택용지(그 밖의 주택),7.82,2020.02.21.,중국,
경기도 고양시 덕양구 성사동,주택용지(아파트),42.094,2020.02.25.,오스트레일리아,
경기도 고양시 덕양구 성사동,주택용지(아파트),41.115,2020.02.25.,오스트레일리아,
경기도 고양시 덕양구 원당동,기타,2298,2020.02.25.,미국,
경기도 고양시 덕양구 신원동,주택용지(아파트),29.96,2020.02.25.,중국,
경기도 고양시 덕양구 신원동,주택용지(아파트),29.96,2020.02.25.,중국,
경기도 고양시 덕양구 주교동,주택용지(그 밖의 주택),10.67,2020.02.,중국,
경기도 고양시 덕양구 동산동,기타,11.08485,2020.02.18.,중국,1
경기도 고양시 덕양구 동산동,기타,11.8485,2020.02.18.,중국,1
경기도 고양시 덕양구 동산동,기타,11.08485,2020.02.18.,중국,1
경기도 고양시 덕양구 원흥동,상업용지,13.1788,2020.03.10.,오스트레일리아,
경기도 고양시 덕양구 성사동,주택용지(아파트),21.2,2020.03.11.,중국,
경기도 고양시 덕양구 신원동,주택용지(아파트),72.3735,2020.03.15.,뉴질랜드,
경기도 고양시 덕양구 효자동,주택용지(그 밖의 주택),37.81,2020.03.16.,카자흐스탄,
경기도 고양시 덕양구 효자동,주택용지(그 밖의 주택),5.4,2020.03.16.,카자흐스탄,
경기도 고양시 덕양구 효자동,주택용지(그 밖의 주택),1.22,2020.03.16.,카자흐스탄,
경기도 고양시 덕양구 효자동,주택용지(그 밖의 주택),2.09,2020.03.16.,카자흐스탄,
경기도 고양시 덕양구 화정동,기타,56.653,2020.03.20.,캐나다,
경기도 고양시 덕양구 관산동,주택용지(그 밖의 주택),53.88,2020.03.24.,중국,
경기도 고양시 덕양구 원흥동,기타,13.1788,2020.03.16.,중국,
경기도 고양시 덕양구 원흥동,기타,12.39,2020.03,캐나다,
경기도 고양시 덕양구 원흥동,기타,13.1788,2020.03,미국,
경기도 고양시 덕양구 원흥동,기타,13.1788,2020.03,미국,
경기도 고양시 덕양구 원흥동,기타,13.1788,2020.03,대만,
경기도 고양시 덕양구 현천동,기타,448.75,2020.03.26.,미국,
경기도 고양시 덕양구 현천동,기타,448.75,2020.03.16.,미국,1
경기도 고양시 덕양구 향동동,기타,157.53,2020.03.19.,미국,1
경기도 고양시 덕양구 향동동,기타,289.07,2020.03.19.,미국,1
경기도 고양시 덕양구 주교동,주택용지(그 밖의 주택),19.77,2020.04,중국,
경기도 고양시 덕양구 지축동,주택용지(그 밖의 주택),265,2020.04,뉴질랜드,
경기도 고양시 덕양구 행신동,주택용지(아파트),22.52,2020.04,미국,
경기도 고양시 덕양구 화정동,주택용지(아파트),36.21,2020.04,일본,
경기도 고양시 덕양구 행신동,주택용지(아파트),25.428,2020.04,중국,
경기도 고양시 덕양구 내유동,주택용지(단독주택),59,2020.04,중국,
경기도 고양시 덕양구 행신동,주택용지(아파트),21.45,2020.04,중국,
경기도 고양시 덕양구 주교동,주택용지(그 밖의 주택),14.78,2020.04,중국,
경기도 고양시 덕양구 삼송동,기타,316,2020.05,미국,
경기도 고양시 덕양구 삼송동,기타,22,2020.05,미국,
경기도 고양시 덕양구 삼송동,기타,59,2020.05,미국,
경기도 고양시 덕양구 삼송동,기타,299,2020.05,미국,
경기도 고양시 덕양구 삼송동,기타,1650,2020.05,미국,
경기도 고양시 덕양구 덕은동,기타,13.51,2020.05,중국,
경기도 고양시 덕양구 화정동,주택용지(아파트),54.472,2020.05,미국,
경기도 고양시 덕양구 동산동,주택용지(아파트),64.2,2020.05,중국,
경기도 고양시 덕양구 신원동,주택용지(아파트),81.5798,2020.05,대만,
경기도 고양시 덕양구 내곡동,기타,49,2020.05,중국,
경기도 고양시 덕양구 향동동,기타,7.4,2020.05,캐나다,
경기도 고양시 덕양구 향동동,기타,7.3998,2020.05,캐나다,
경기도 고양시 덕양구 향동동,기타,5.87,2020.05,캐나다,
경기도 고양시 덕양구 향동동,기타,5.8,2020.05,캐나다,
경기도 고양시 덕양구 화정동,주택용지(아파트),52.069,2020.05,일본,
경기도 고양시 덕양구 성사동,주택용지(그 밖의 주택),18.58,2020.05,미국,
경기도 고양시 덕양구 고양동,주택용지(아파트),39.05,2020.06,캐나다,
경기도 고양시 덕양구 화정동,주택용지(아파트),40.356,2020.06,중국,
경기도 고양시 덕양구 주교동,주택용지(아파트),43.298,2020.06,미국,
경기도 고양시 덕양구 행신동,주택용지(아파트),35.5765,2020.06,미국,
경기도 고양시 덕양구 내유동,주택용지(그 밖의 주택),53.26,2020.06,프랑스,
경기도 고양시 덕양구 성사동,주택용지(그 밖의 주택),23.07,2020.06,중국,
경기도 고양시 덕양구 화정동,주택용지(아파트),34.121,2020.06,미국,
경기도 고양시 덕양구 행신동,주택용지(아파트),46.23,2020.06,오스트레일리아,
경기도 고양시 덕양구 주교동,주택용지(아파트),10.56,2020.06,중국,
경기도 고양시 덕양구 행신동,주택용지(아파트),22,2020.06,프랑스,
경기도 고양시 덕양구 선유동,기타,5121,2020.07,미국,
경기도 고양시 덕양구 원흥동,기타,13.1788,2020.07,오스트레일리아,
경기도 고양시 덕양구 화정동,주택용지(아파트),35.148,2020.07,중국,
경기도 고양시 덕양구 도내동,주택용지(그 밖의 주택),1,2020.07,중국,
경기도 고양시 덕양구 도내동,주택용지(그 밖의 주택),1,2020.07,중국,
경기도 고양시 덕양구 행주외동,기타,79,2020.07,오스트레일리아,
경기도 고양시 덕양구 행주외동,기타,218,2020.07,오스트레일리아,
경기도 고양시 덕양구 행신동,주택용지(아파트),9.2,2020.07,미국,
경기도 고양시 덕양구 행신동,주택용지(아파트),23.67,2020.07,미국,
경기도 고양시 덕양구 주교동,주택용지(그 밖의 주택),9.18,2020.07,중국,
경기도 고양시 덕양구 주교동,주택용지(그 밖의 주택),9.18,2020.07,중국,
경기도 고양시 덕양구 오금동,주택용지(그 밖의 주택),84.3411,2020.07,캐나다,
경기도 고양시 덕양구 토당동,기타,539.8181,2020.07,미국,
경기도 고양시 덕양구 덕은동,기타,5.1165,2020.07,대만,
경기도 고양시 덕양구 향동동,기타,1418,2020.07,미국,
경기도 고양시 덕양구 향동동,기타,2602,2020.07,미국,
경기도 고양시 덕양구 삼송동,기타,54.15,2020.07,미국,
경기도 고양시 덕양구 삼송동,기타,254.54,2020.07,미국,
경기도 고양시 덕양구 삼송동,기타,62.77,2020.07,미국,
경기도 고양시 덕양구 삼송동,기타,50.31,2020.07,미국,
경기도 고양시 덕양구 삼송동,기타,1.54,2020.07,미국,
경기도 고양시 덕양구 삼송동,기타,1.23,2020.07,미국,
경기도 고양시 덕양구 삼송동,기타,1,2020.07,미국,
경기도 고양시 덕양구 삼송동,기타,12,2020.07,미국,
경기도 고양시 덕양구 삼송동,기타,69.23,2020.07,미국,
경기도 고양시 덕양구 삼송동,기타,18.92,2020.07,미국,
경기도 고양시 덕양구 삼송동,기타,106,2020.07,미국,
경기도 고양시 덕양구 오금동,주택용지(아파트),62.62,2020.07,일본,
경기도 고양시 덕양구 삼송동,기타,54.15,2020.08,미국,
경기도 고양시 덕양구 삼송동,기타,254.54,2020.08,미국,
경기도 고양시 덕양구 삼송동,기타,62.77,2020.08,미국,
경기도 고양시 덕양구 삼송동,기타,50.31,2020.08,미국,
경기도 고양시 덕양구 삼송동,기타,0.77,2020.08,미국,
경기도 고양시 덕양구 삼송동,기타,1.23,2020.08,미국,
경기도 고양시 덕양구 삼송동,기타,1,2020.08,미국,
경기도 고양시 덕양구 삼송동,기타,12,2020.08,미국,
경기도 고양시 덕양구 삼송동,기타,69.23,2020.08,미국,
경기도 고양시 덕양구 삼송동,기타,18.92,2020.08,미국,
경기도 고양시 덕양구 삼송동,기타,106,2020.08,미국,
경기도 고양시 덕양구 덕은동,주택용지(아파트),55.24,2020.08,미국,
경기도 고양시 덕양구 오금동,주택용지(그 밖의 주택),164.6845,2020.08,캐나다,
경기도 고양시 덕양구 도내동,기타,4.363,2020.08,중국,
경기도 고양시 덕양구 도내동,기타,3.66,2020.08,중국,
경기도 고양시 덕양구 도내동,기타,4.29,2020.08,미국,
경기도 고양시 덕양구 화정동,주택용지(아파트),21.7888,2020.08,미국,
경기도 고양시 덕양구 덕은동,주택용지(아파트),84.9657,2020.08,중국,
경기도 고양시 덕양구 오금동,주택용지(그 밖의 주택),62.62,2020.08,중국,
경기도 고양시 덕양구 덕은동,기타,2.56,2020.08,미국,
경기도 고양시 덕양구 덕은동,기타,5.1165,2020.08,오스트레일리아,
경기도 고양시 덕양구 화정동,주택용지(아파트),35.16,2020.08,중국,
경기도 고양시 덕양구 화정동,주택용지(아파트),35.121,2020.08,미국,
경기도 고양시 덕양구 덕은동,주택용지(아파트),55.2427,2020.08,미국,
경기도 고양시 덕양구 화정동,주택용지(아파트),17.58,2020.08,중국,
경기도 고양시 덕양구 덕은동,주택용지(아파트),54.7979,2020.08,베트남,
경기도 고양시 덕양구 신원동,기타,66,2020.08,중국,
경기도 고양시 덕양구 주교동,주택용지(그 밖의 주택),35.35,2020.09,중국,
경기도 고양시 덕양구 원흥동,주택용지(아파트),13.84,2020.09,스페인,
경기도 고양시 덕양구 관산동,주택용지(아파트),22.82,2020.09,중국,
경기도 고양시 덕양구 대자동,기타,870.3,2020.09,미국,
경기도 고양시 덕양구 대자동,기타,54,2020.09,미국,
경기도 고양시 덕양구 대자동,기타,63.3,2020.09,미국,
경기도 고양시 덕양구 도내동,기타,1,2020.09,캐나다,
경기도 고양시 덕양구 토당동,주택용지(아파트),44.4,2020.09,미국,
경기도 고양시 덕양구 성사동,주택용지(아파트),16.75,2020.09,몽골,
경기도 고양시 덕양구 성사동,주택용지(아파트),16.75,2020.09,몽골,
경기도 고양시 덕양구 고양동,주택용지(아파트),27.33,2020.09,미국,
경기도 고양시 덕양구 화정동,주택용지(아파트),34.93,2020.09,중국,
경기도 고양시 덕양구 지축동,주택용지(단독주택),265,2020.04,뉴질랜드,1
경기도 고양시 덕양구 지축동,주택용지(단독주택),309,2020.04,캐나다,1
경기도 고양시 덕양구 내유동,주택용지(그 밖의 주택),59,2020.04,중국,1
경기도 고양시 덕양구 덕은동,기타,13.5054,2020.04,중국,1
경기도 고양시 덕양구 동산동,주택용지(아파트),64.2,2020.05,중국,1
경기도 고양시 덕양구 향동동,기타,7.3998,2020.05,캐나다,1
경기도 고양시 덕양구 향동동,기타,7.3998,2020.05,캐나다,1
경기도 고양시 덕양구 향동동,기타,5.8748,2020.05,캐나다,1
경기도 고양시 덕양구 향동동,기타,5.7973,2020.05,캐나다,1
경기도 고양시 덕양구 내유동,주택용지(그 밖의 주택),53.26,2020.06,프랑스,1
경기도 고양시 덕양구 오금동,주택용지(아파트),62.25,2020.07,일본,1
경기도 고양시 덕양구 덕은동,기타,2.5583,2020.07,미국,1
경기도 고양시 덕양구 덕은동,기타,5.1165,2020.07,대만,1
경기도 고양시 덕양구 오금동,주택용지(아파트),164.6845,2020.07,캐나다,1
경기도 고양시 덕양구 오금동,주택용지(그 밖의 주택),82.3411,2020.07,캐나다,1
경기도 고양시 덕양구 덕은동,주택용지(아파트),55.2418,2020.07,미국,1
경기도 고양시 덕양구 오금동,주택용지(그 밖의 주택),94.5258,2020.07,뉴질랜드,1
경기도 고양시 덕양구 덕은동,기타,5.1186,2020.07,오스트레일리아,1
경기도 고양시 덕양구 덕은동,주택용지(아파트),27.4898,2020.07,중국,1
경기도 고양시 덕양구 덕은동,주택용지(아파트),54.7979,2020.07,베트남,1
경기도 고양시 덕양구 오금동,주택용지(아파트),125,2020.07,중국,1
경기도 고양시 덕양구 오금동,주택용지(아파트),125,2020.07,중국,1
경기도 고양시 덕양구 덕은동,주택용지(아파트),55.2427,2020.08,미국,1
경기도 고양시 덕양구 덕은동,기타,13.31,2020.09,중국,1
경기도 고양시 덕양구 행신동,주택용지(아파트),36,2020.10.06,중국,
경기도 고양시 덕양구 화정동,기타,"2,321.00",2020.10.12,캐나다,
경기도 고양시 덕양구 원흥동,기타,12.5435,2020.10.15,미국,
경기도 고양시 덕양구 원흥동,기타,21.8483,,미국,
경기도 고양시 덕양구 화정동,기타,3.85,2020.10.15,미국,
경기도 고양시 덕양구 행신동,주택용지(아파트),34.259,2020.10.22,미국,
경기도 고양시 덕양구 도내동,기타,3.463909,2020.10.15,중국,
경기도 고양시 덕양구 도내동,기타,4.140291,,중국,
경기도 고양시 덕양구 토당동 ,기타,9.1111,2020.10.27,캐나다,
경기도 고양시 덕양구 행신동 ,기타,24.6666,,캐나다,
경기도 고양시 덕양구 토당동,기타,36.6666,,캐나다,
경기도 고양시 덕양구 행신동 ,기타,54.6666,,캐나다,
경기도 고양시 덕양구 대자동 ,기타,608,2020.10.27,미국,
경기도 고양시 덕양구 대자동,기타,764,,미국,
경기도 고양시 덕양구 대자동,기타,"4,299.00",,미국,
경기도 고양시 덕양구 행신동 ,주택용지(아파트),38.715,2020.10.27,중국,
경기도 고양시 덕양구 토당동,주택용지(그 밖의 주택),27.88,2020.11.03,미국,
경기도 고양시 덕양구 향동동,기타,4.6697,2020.11.05,일본,
경기도 고양시 덕양구 향동동,기타,4.9003,,일본,
경기도 고양시 덕양구 향동동,기타,4.762411,2020.11.05,대만,
경기도 고양시 덕양구 향동동,기타,4.997589,,대만,
경기도 고양시 덕양구 향동동 ,기타,5.37,2020.11.05,대만,
경기도 고양시 덕양구 현천동,기타,"2,845.00",2020.11.12,미국,
경기도 고양시 덕양구 도내동,기타,3.341722,2020.09.18,중국,
경기도 고양시 덕양구 도내동 ,기타,3.674078,,중국,
경기도 고양시 덕양구 도내동 ,기타,3.341722,2020.09.18,중국,
경기도 고양시 덕양구 도내동 ,기타,3.674078,,중국,
경기도 고양시 덕양구 도내동,기타,3.287042,2020.11.10,중국,
경기도 고양시 덕양구 도내동,기타,3.613958,,중국,
경기도 고양시 덕양구 삼송동,주택용지(아파트),23.783,2020.10.26,미국,
경기도 고양시 덕양구 오금동,주택용지(그 밖의 주택),61.34585,2020.11.27,오스트레일리아,
경기도 고양시 덕양구 내유동 ,주택용지(그 밖의 주택),50,2020.12.02,필리핀,
경기도 고양시 덕양구 삼송동,주택용지(아파트),23.783,2020.12.02,미국,
경기도 고양시 덕양구 향동동,상업용지,"4,271.30",2020.12.08,싱가포르,
경기도 고양시 덕양구 원흥동,주택용지(아파트),27.89065,2020.12.08,중국,
경기도 고양시 덕양구 원당동 ,상업용지,16.222222,2020.12.16,미국,
경기도 고양시 덕양구 원당동,상업용지,19.777778,,미국,
경기도 고양시 덕양구 원당동,상업용지,91.777778,,미국,
경기도 고양시 덕양구 원당동,,91.777778,2020.12.16,미국,
경기도 고양시 덕양구 도내동 ,상업용지,3.341722,2020.12.04,중국,
경기도 고양시 덕양구 도내동,상업용지,3.674078,,중국,
경기도 고양시 덕양구 주교동,기타,33,2020.12.22,중국,
경기도 고양시 덕양구 주교동,기타,33,2020.12.22,중국,
경기도 고양시 덕양구 도내동,주택용지(아파트),51.34,2020.12.23,중국,
경기도 고양시 덕양구 행신동 ,주택용지(아파트),16.2235,2020.12.28,중국,
경기도 고양시 덕양구 대장동,기타,925.4,2020.11.18,미국,
경기도 고양시 덕양구 향동동 ,기타,5.7973,2020.10.12,미국,1
경기도 고양시 덕양구 향동동 ,기타,5.7973,2020.10.12,미국,1
경기도 고양시 덕양구 향동동,기타,19.3,2020.10.15,일본,1
경기도 고양시 덕양구 삼송동,주택용지(아파트),23.783,2020.10.16,미국,1
경기도 고양시 덕양구 향동동,상업용지,9.76,2020.10.23,대만,1
경기도 고양시 덕양구 향동동,상업용지,5.37,2020.10.23,대만,1
경기도 고양시 덕양구 현천동,기타,2845,2020.11.04,미국,1
경기도 고양시 덕양구 오금동,주택용지(그 밖의 주택),216.2572,2020.11.09,오스트레일리아,1
경기도 고양시 덕양구 주교동,기타,19240,2020.12.16,중국,1
경기도 고양시 덕양구 주교동,기타,19240,2020.12.16,중국,1
경기도 고양시 덕양구 원당동,상업용지,146,2020.12.16,미국,1
경기도 고양시 덕양구 원당동,상업용지,178,2020.12.,미국,1
경기도 고양시 덕양구 원당동 ,상업용지,826,2020.12.,미국,1
경기도 고양시 덕양구 삼송동,주택용지(그 밖의 주택),200.5653,2020.12.18,프랑스,1
경기도 고양시 일산동구 마두동,주택용지(아파트),53.072,2019.01,중국,
경기도 고양시 일산동구 풍동,주택용지(그 밖의 주택),33.609,2019.01,중국,
경기도 고양시 일산동구 성석동,기타,440,2019.01,캐나다,
경기도 고양시 일산동구 장항동,주택용지(아파트),59.876,2019.01,미국,
경기도 고양시 일산동구 장항동,기타,8.912,2019.01,중국,
경기도 고양시 일산동구 장항동,기타,9.0677,2019.01,중국,
경기도 고양시 일산동구 장항동,기타,11.0847,2019.01,중국,
경기도 고양시 일산동구 장항동,기타,4.47,2019.01,미국,
경기도 고양시 일산동구 식사동,주택용지(그 밖의 주택),54.43,2019.01,중국,1
경기도 고양시 일산동구 백석동,기타,4.961,2019.02,미국,
경기도 고양시 일산동구 식사동,주택용지(그 밖의 주택),27.215,2019.02,중국,
경기도 고양시 일산동구 식사동,주택용지(아파트),57.3728,2019.02,미국,
경기도 고양시 일산동구 백석동,기타,7.74,2019.02,캐나다,
경기도 고양시 일산동구 풍동,주택용지(그 밖의 주택),63,2019.02,중국,
경기도 고양시 일산동구 풍동,주택용지(그 밖의 주택),63,2019.03,중국,
경기도 고양시 일산동구 백석동,주택용지(그 밖의 주택),8.05,2019.03,캐나다,
경기도 고양시 일산동구 백석동,상업용지,14.618305,2019.03,미국,
경기도 고양시 일산동구 백석동,상업용지,14.673295,2019.03,미국,
경기도 고양시 일산동구 식사동,주택용지(그 밖의 주택),5.52,2019.03,중국,
경기도 고양시 일산동구 식사동,주택용지(그 밖의 주택),5.52,2019.03,중국,
경기도 고양시 일산동구 장항동,주택용지(아파트),47.9055,2019.03,중국,
경기도 고양시 일산동구 풍동,주택용지(그 밖의 주택),63,2019.03,중국,
경기도 고양시 일산동구 백석동,주택용지(그 밖의 주택),3.53645,2019.03,중국,
경기도 고양시 일산동구 백석동,주택용지(그 밖의 주택),3.53645,2019.03,중국,
경기도 고양시 일산동구 중산동,기타,53.09,2019.04,중국,
경기도 고양시 일산동구 장항동,주택용지(그 밖의 주택),3.57,2019.04,미국,
경기도 고양시 일산동구 장항동,주택용지(그 밖의 주택),3.55,2019.04,미국,
경기도 고양시 일산동구 백석동,주택용지(아파트),31.59,2019.04,브라질,
경기도 고양시 일산동구 백석동,기타,9.37,2019.04,미국,
경기도 고양시 일산동구 백석동,기타,9.28,2019.04,미국,
경기도 고양시 일산동구 백석동,기타,8.78,2019.04,미국,
경기도 고양시 일산동구 식사동,주택용지(그 밖의 주택),28.41,2019.04,중국,
경기도 고양시 일산동구 식사동,주택용지(그 밖의 주택),28.41,2019.04,중국,
경기도 고양시 일산동구 백석동,기타,5.17,2019.04,중국,
경기도 고양시 일산동구 백석동,기타,6.41,2019.04,중국,
경기도 고양시 일산동구 백석동,주택용지(아파트),25.55,2019.04,미국,
경기도 고양시 일산동구 풍동,주택용지(아파트),15.557,2019.04,러시아,
경기도 고양시 일산동구 식사동,주택용지(그 밖의 주택),56.81,2019.04,중국,1
경기도 고양시 일산동구 식사동,주택용지(그 밖의 주택),56.81,2019.04,중국,1
경기도 고양시 일산동구 사리현동,주택용지(그 밖의 주택),53.09,2019.5,중국,
경기도 고양시 일산동구 장항동,기타,3.57,2019.5,미국,
경기도 고양시 일산동구 장항동,기타,3.55,2019.5,미국,
경기도 고양시 일산동구 백석동,주택용지(그 밖의 주택),31.59,2019.5,남아프리카공화국,
경기도 고양시 일산동구 백석동,주택용지(아파트),14.8,2019.6,러시아,
경기도 고양시 일산동구 사리현동,기타,121.25,2019.6,미국,
경기도 고양시 일산동구 사리현동,기타,183.25,2019.6,미국,
경기도 고양시 일산동구 사리현동,기타,29.5,2019.6,미국,
경기도 고양시 일산동구 산황동,기타,3669,2019.6,미국,
경기도 고양시 일산동구 산황동,기타,4959,2019.6,미국,
경기도 고양시 일산동구 설문동,기타,343.38,2019.6,미국,1
경기도 고양시 일산동구 설문동,기타,343.38,2019.6,미국,1
경기도 고양시 일산동구 설문동,기타,258.4,2019.6,미국,1
경기도 고양시 일산동구 식사동,주택용지(아파트),30.4391,2019.7,중국,
경기도 고양시 일산동구 성석동,기타,63,2019.7,캐나다,
경기도 고양시 일산동구 중산동,주택용지(아파트),73.14,2019.7,캐나다,
경기도 고양시 일산동구 장항동,기타,284.5,2019.7,영국,
경기도 고양시 일산동구 중산동,주택용지(아파트),48.89,2019.7,캐나다,
경기도 고양시 일산동구 식사동,주택용지(아파트),41.18,2019.7,미국,
경기도 고양시 일산동구 식사동,주택용지(아파트),41.18,2019.7,미국,
경기도 고양시 일산동구 중산동,주택용지(그 밖의 주택),30.86,2019.7,중국,1
경기도 고양시 일산동구 중산동,주택용지(그 밖의 주택),30.86,2019.7,중국,1
경기도 고양시 일산동구 식사동,주택용지(아파트),21.66,2019.8,미국,
경기도 고양시 일산동구 성석동,주택용지(그 밖의 주택),62.82,2019.8,중국,
경기도 고양시 일산동구 식사동,주택용지(아파트),70.97,2019.8,미국,
경기도 고양시 일산동구 장항동,주택용지(아파트),33.8133,2019.8,중국,
경기도 고양시 일산동구 장항동,주택용지(아파트),33.052,2019.8,미국,
경기도 고양시 일산동구 마두동,주택용지(단독주택),126.75,2019.8,미국,
경기도 고양시 일산동구 장항동,레져용지,14.178,2019.8,캐나다,
경기도 고양시 일산동구 장항동,레져용지,13.626,2019.8,캐나다,
경기도 고양시 일산동구 장항동,레져용지,13.635,2019.8,캐나다,
경기도 고양시 일산동구 장항동,레져용지,13.712,2019.8,캐나다,
경기도 고양시 일산동구 장항동,레져용지,7.7,2019.8,캐나다,
경기도 고양시 일산동구 장항동,레져용지,13.726,2019.8,캐나다,
경기도 고양시 일산동구 장항동,레져용지,13.88,2019.8,캐나다,
경기도 고양시 일산동구 장항동,레져용지,14.206,2019.8,캐나다,
경기도 고양시 일산동구 장항동,레져용지,14.753,2019.8,캐나다,
경기도 고양시 일산동구 장항동,레져용지,9.357,2019.8,캐나다,
경기도 고양시 일산동구 장항동,레져용지,14.281,2019.8,캐나다,
경기도 고양시 일산동구 장항동,레져용지,13.626,2019.8,캐나다,
경기도 고양시 일산동구 장항동,레져용지,13.635,2019.8,캐나다,
경기도 고양시 일산동구 장항동,레져용지,13.712,2019.8,캐나다,
경기도 고양시 일산동구 장항동,레져용지,7.7,2019.8,캐나다,
경기도 고양시 일산동구 장항동,레져용지,13.726,2019.8,캐나다,
경기도 고양시 일산동구 장항동,레져용지,13.88,2019.8,캐나다,
경기도 고양시 일산동구 장항동,레져용지,14.206,2019.8,캐나다,
경기도 고양시 일산동구 장항동,레져용지,14.753,2019.8,캐나다,
경기도 고양시 일산동구 장항동,레져용지,9.357,2019.8,캐나다,
경기도 고양시 일산동구 장항동,레져용지,14.238,2019.8,캐나다,
경기도 고양시 일산동구 장항동,레져용지,13.626,2019.8,캐나다,
경기도 고양시 일산동구 장항동,레져용지,13.635,2019.8,캐나다,
경기도 고양시 일산동구 장항동,레져용지,13.712,2019.8,캐나다,
경기도 고양시 일산동구 장항동,레져용지,7.7,2019.8,캐나다,
경기도 고양시 일산동구 장항동,레져용지,13.726,2019.8,캐나다,
경기도 고양시 일산동구 장항동,레져용지,13.88,2019.8,캐나다,
경기도 고양시 일산동구 장항동,레져용지,14.206,2019.8,캐나다,
경기도 고양시 일산동구 장항동,레져용지,14.206,2019.8,캐나다,
경기도 고양시 일산동구 장항동,레져용지,9.357,2019.8,캐나다,
경기도 고양시 일산동구 장항동,레져용지,156.213,2019.8,캐나다,
경기도 고양시 일산동구 장항동,레져용지,154.787,2019.8,캐나다,
경기도 고양시 일산동구 장항동,레져용지,108.101,2019.8,캐나다,
경기도 고양시 일산동구 장항동,주택용지(그 밖의 주택),41.032,2019.9,캐나다,
경기도 고양시 일산동구 식사동,주택용지(아파트),41.43,2019.9,캐나다,
경기도 고양시 일산동구 장항동,주택용지(그 밖의 주택),4.47,2019.9,중국,
경기도 고양시 일산동구 풍동,주택용지(그 밖의 주택),14.7,2019.9,중국,
경기도 고양시 일산동구 장항동,공장용지,793.5,2019.9,미국,
경기도 고양시 일산동구 식사동,주택용지(아파트),21.65885,2019.9,싱가포르,
경기도 고양시 일산동구 성석동,기타,440,2019.9,브라질,1
경기도 고양시 일산동구 성석동,기타,909,2019.9,브라질,1
경기도 고양시 일산동구 성석동,기타,908,2019.9,브라질,1
경기도 고양시 일산동구 백석동,주택용지(아파트),37.4404,2019.10.,미국,
경기도 고양시 일산동구 식사동,주택용지(아파트),54.7862,2019.10.,미국,
경기도 고양시 일산동구 장항동,주택용지(그 밖의 주택),5.578,2019.10.,미국,
경기도 고양시 일산동구 중산동,주택용지(아파트),55.97,2019.10.,중국,
경기도 고양시 일산동구 식사동,주택용지(아파트),120.97,2019.10.,중국,
경기도 고양시 일산동구 식사동,주택용지(아파트),37.09,2019.11,중국,
경기도 고양시 일산동구 풍동,주택용지(그 밖의 주택),60,2019.11,중국,
경기도 고양시 일산동구 백석동,기타,231,2019.11,일본,
경기도 고양시 일산동구 중산동,주택용지(아파트),48.89,2019.11,캐나다,
경기도 고양시 일산동구 백석동,주택용지(그 밖의 주택),10.93,2019.11,미국,
경기도 고양시 일산동구 문봉동,주택용지(그 밖의 주택),63.75,2019.11,중국,
경기도 고양시 일산동구 풍동,주택용지(아파트),30.18,2019.11,중국,
경기도 고양시 일산동구 풍동,주택용지(그 밖의 주택),55.44,2019.11,캐나다,
경기도 고양시 일산동구 중산동,주택용지(아파트),56.018,2019.11,캐나다,
경기도 고양시 일산동구 백석동,주택용지(그 밖의 주택),6.25,2019.11,미국,
경기도 고양시 일산동구 중산동,주택용지(그 밖의 주택),24.49,2019.11,중국,
경기도 고양시 일산동구 중산동,주택용지(그 밖의 주택),24.49,2019.11,중국,1
경기도 고양시 일산동구 풍동,주택용지(그 밖의 주택),55.44,2019.11,캐나다,1
경기도 고양시 일산동구 백석동,주택용지(단독주택),204,2019.12,캐나다,
경기도 고양시 일산동구 장항동,기타,5.14,2019.12,대만,
경기도 고양시 일산동구 장항동,주택용지(그 밖의 주택),6.21,2019.12,미국,
경기도 고양시 일산동구 풍동,주택용지(아파트),59.328,2019.12,중국,
경기도 고양시 일산동구 중산동,주택용지(아파트),25.11,2019.12,미국,
경기도 고양시 일산동구 중산동,주택용지(아파트),25.11,2019.12,미국,
경기도 고양시 일산동구 식사동,주택용지(그 밖의 주택),4.65,2019.12,중국,
경기도 고양시 일산동구 마두동,주택용지(아파트),96.48,2019.12,미국,
경기도 고양시 일산동구 장항동,주택용지(그 밖의 주택),7.15,2019.12,오스트레일리아,
경기도 고양시 일산동구 장항동,주택용지(그 밖의 주택),4.76,2019.12,오스트레일리아,
경기도 고양시 일산동구 장항동,주택용지(그 밖의 주택),4.77,2019.12,오스트레일리아,
경기도 고양시 일산동구 장항동,기타,38.53,2019.12,중국,
경기도 고양시 일산동구 정발산동,주택용지(단독주택),247.9,2020.1,중국,
경기도 고양시 일산동구 장항동,주택용지(그 밖의 주택),5.29,2020.1,중국,
경기도 고양시 일산동구 식사동,주택용지(아파트),33.84,2020.1,미국,
경기도 고양시 일산동구 성석동,주택용지(그 밖의 주택),70.3411,2020.1,중국,1
경기도 고양시 일산동구 식사동,주택용지(아파트),21.37,2020.2,중국,
경기도 고양시 일산동구 정발산동,주택용지(그 밖의 주택),14.5335,2020.2,캐나다,
경기도 고양시 일산동구 정발산동,주택용지(그 밖의 주택),14.5335,2020.2,캐나다,
경기도 고양시 일산동구 풍동,주택용지(아파트),14.12,2020.2,중국,
경기도 고양시 일산동구 풍동,주택용지(아파트),14.12,2020.2,중국,
경기도 고양시 일산동구 중산동,주택용지(아파트),50,2020.2,중국,
경기도 고양시 일산동구 백석동,주택용지(그 밖의 주택),12.315,2020.2,캐나다,
경기도 고양시 일산동구 풍동,주택용지(아파트),37.88,2020.2,미국,
경기도 고양시 일산동구 장항동,기타,47364.3,2020.2,일본,
경기도 고양시 일산동구 마두동,주택용지(그 밖의 주택),27.2623,2020.2,영국,
경기도 고양시 일산동구 풍동,주택용지(그 밖의 주택),66.215,2020.2,중국,
경기도 고양시 일산동구 식사동,주택용지(그 밖의 주택),85.138,2020.2,중국,1
경기도 고양시 일산동구 백석동,주택용지(아파트),50.383,2020.3,중국,
경기도 고양시 일산동구 마두동,주택용지(아파트),59.67,2020.3,미국,
경기도 고양시 일산동구 풍동,주택용지(그 밖의 주택),60.12,2020.3,중국,
경기도 고양시 일산동구 식사동,주택용지(그 밖의 주택),5.52,2020.3,중국,
경기도 고양시 일산동구 마두동,주택용지(아파트),37.78,2020.3,미국,
경기도 고양시 일산동구 식사동,주택용지(아파트),33.34,2020.3,오스트레일리아,
경기도 고양시 일산동구 마두동,주택용지(아파트),53.052,2020.3,중국,
경기도 고양시 일산동구 장항동,기타,8.87,2020.3,미국,
경기도 고양시 일산동구 풍동,주택용지(아파트),100.58,2020.3,중국,
경기도 고양시 일산동구 식사동,주택용지(그 밖의 주택),5.52,2020.4,중국,
경기도 고양시 일산동구 식사동,주택용지(그 밖의 주택),5.52,2020.4,중국,
경기도 고양시 일산동구 식사동,주택용지(그 밖의 주택),5.52,2020.4,중국,
경기도 고양시 일산동구 식사동,주택용지(그 밖의 주택),5.52,2020.4,중국,
경기도 고양시 일산동구 식사동,주택용지(그 밖의 주택),7.11,2020.4,미국,
경기도 고양시 일산동구 풍동,주택용지(그 밖의 주택),60.92,2020.4,중국,
경기도 고양시 일산동구 풍동,주택용지(아파트),41.83,2020.4,미국,
경기도 고양시 일산동구 풍동,주택용지(아파트),38.65,2020.4,미국,
경기도 고양시 일산동구 풍동,주택용지(아파트),48.35,2020.4,미국,
경기도 고양시 일산동구 성석동,주택용지(그 밖의 주택),27.22,2020.5,중국,
경기도 고양시 일산동구 장항동,주택용지(그 밖의 주택),4.98,2020.5,러시아,
경기도 고양시 일산동구 장항동,주택용지(그 밖의 주택),12.9257,2020.5,미국,
경기도 고양시 일산동구 중산동,주택용지(아파트),24.83,2020.5,중국,
경기도 고양시 일산동구 중산동,주택용지(아파트),24.83,2020.5,중국,
경기도 고양시 일산동구 식사동,주택용지(아파트),76.75,2020.5,대만,1
경기도 고양시 일산동구 장항동,상업용지,23.69,2020.6,캐나다,
경기도 고양시 일산동구 백석동,주택용지(아파트),21.4,2020.6,중국,
경기도 고양시 일산동구 장항동,기타,6.78,2020.6,미국,
경기도 고양시 일산동구 장항동,기타,6.62,2020.6,미국,
경기도 고양시 일산동구 장항동,기타,6.83,2020.6,미국,
경기도 고양시 일산동구 지영동,기타,2525,2020.6,미국,
경기도 고양시 일산동구 지영동,기타,121,2020.6,미국,
경기도 고양시 일산동구 지영동,기타,973,2020.6,미국,
경기도 고양시 일산동구 풍동,주택용지(그 밖의 주택),66.215,2020.6,중국,
경기도 고양시 일산동구 장항동,주택용지(그 밖의 주택),7.45,2020.6,중국,
경기도 고양시 일산동구 식사동,주택용지(그 밖의 주택),73.798,2020.6,미국,
경기도 고양시 일산동구 풍동,상업용지,19.41,2020.6,캐나다,
경기도 고양시 일산동구 장항동,주택용지(그 밖의 주택),5.383,2020.6,미국,
경기도 고양시 일산동구 풍동,상업용지,13.224,2020.6,미국,
경기도 고양시 일산동구 백석동,상업용지,222,2020.6,미국,
경기도 고양시 일산동구 백석동,주택용지(아파트),51.661,2020.6,미국,
경기도 고양시 일산동구 백석동,주택용지(아파트),12.78,2020.7,미국,
경기도 고양시 일산동구 장항동,기타,3.11,2020.7,캐나다,
경기도 고양시 일산동구 장항동,기타,6.02,2020.7,미국,
경기도 고양시 일산동구 식사동,기타,4.65,2020.7,중국,
경기도 고양시 일산동구 성석동,주택용지(아파트),78.95,2020.7,중국,
경기도 고양시 일산동구 식사동,주택용지(아파트),1,2020.7,오스트레일리아,
경기도 고양시 일산동구 식사동,상업용지,6.72,2020.7,중국,
경기도 고양시 일산동구 식사동,상업용지,6.72,2020.7,중국,
경기도 고양시 일산동구 식사동,상업용지,5.14,2020.7,중국,
경기도 고양시 일산동구 식사동,상업용지,5.14,2020.7,중국,
경기도 고양시 일산동구 식사동,상업용지,5.14,2020.7,중국,
경기도 고양시 일산동구 식사동,상업용지,6.72,2020.7,중국,
경기도 고양시 일산동구 식사동,상업용지,5.4,2020.7,인도,
경기도 고양시 일산동구 장항동,주택용지(그 밖의 주택),13.5647,2020.8,중국,
경기도 고양시 일산동구 식사동,주택용지(그 밖의 주택),63.77,2020.8,중국,
경기도 고양시 일산동구 식사동,주택용지(아파트),106.03,2020.8,중국,
경기도 고양시 일산동구 풍동,주택용지(아파트),48.35,2020.8,미국,
경기도 고양시 일산동구 마두동,주택용지(아파트),39.5,2020.8,미국,
경기도 고양시 일산동구 풍동,기타,21.018,2020.8,오스트레일리아,
경기도 고양시 일산동구 풍동,기타,21.41,2020.8,오스트레일리아,
경기도 고양시 일산동구 장항동,주택용지(그 밖의 주택),3.57,2020.8,캐나다,
경기도 고양시 일산동구 장항동,주택용지(그 밖의 주택),3.55,2020.8,캐나다,
경기도 고양시 일산동구 백석동,주택용지(그 밖의 주택),3.88,2020.8,대만,
경기도 고양시 일산동구 백석동,주택용지(그 밖의 주택),3.88,2020.8,대만,
경기도 고양시 일산동구 백석동,주택용지(그 밖의 주택),3.99,2020.8,대만,
경기도 고양시 일산동구 백석동,주택용지(그 밖의 주택),4.01,2020.8,대만,
경기도 고양시 일산동구 식사동,주택용지(아파트),47.08,2020.8,중국,1
경기도 고양시 일산동구 중산동,기타,510,2020.9,캐나다,
경기도 고양시 일산동구 식사동,주택용지(아파트),15.8947,2020.9,중국,
경기도 고양시 일산동구 풍동,상업용지,128.15,2020.9,오스트레일리아,
경기도 고양시 일산동구 식사동,기타,24.3566,2020.9,미국,
경기도 고양시 일산동구 장항동,주택용지(그 밖의 주택),7,2020.9,중국,
경기도 고양시 일산동구 장항동,기타,5.26,2020.9,미국,
경기도 고양시 일산동구 식사동,주택용지(아파트),43.67,2020.9,미국,
경기도 고양시 일산동구 식사동,주택용지(아파트),1,2020.10.,중국,
경기도 고양시 일산동구 식사동,주택용지(아파트),43.67,2020.10.,미국,
경기도 고양시 일산동구 풍동,주택용지(아파트),26.98,2020.10.,중국,
경기도 고양시 일산동구 중산동,주택용지(아파트),24.91,2020.10.,인도네시아,
경기도 고양시 일산동구 백석동,주택용지(그 밖의 주택),16.74,2020.10.,미국,
경기도 고양시 일산동구 백석동,주택용지(아파트),50.383,2020.10.,대만,
경기도 고양시 일산동구 장항동,주택용지(아파트),53.61,2020.10.,캐나다,
경기도 고양시 일산동구 마두동,주택용지(그 밖의 주택),115.021,2020.10.,캐나다,
경기도 고양시 일산동구 장항동,주택용지(아파트),38.9,2020.10.,캐나다,
경기도 고양시 일산동구 백석동,주택용지(아파트),37.44,2020.10.,캐나다,
경기도 고양시 일산동구 중산동,주택용지(그 밖의 주택),386,2020.10.,중국,1
경기도 고양시 일산동구 풍동,주택용지(아파트),40.02,2020.11,미국,
경기도 고양시 일산동구 장항동,주택용지(그 밖의 주택),13.5647,2020.11,미국,
경기도 고양시 일산동구 백석동,기타,10.39,2020.11,미국,
경기도 고양시 일산동구 백석동,기타,10.25,2020.11,미국,
경기도 고양시 일산동구 식사동,상업용지,111.45,2020.11,미국,
경기도 고양시 일산동구 식사동,상업용지,111.45,2020.11,미국,
경기도 고양시 일산동구 식사동,주택용지(아파트),33.34,2020.11,미국,
경기도 고양시 일산동구 식사동,주택용지(아파트),33.34,2020.11,미국,
경기도 고양시 일산동구 식사동,주택용지(아파트),77.08,2020.12,뉴질랜드,
경기도 고양시 일산동구 장항동,주택용지(그 밖의 주택),21.21,2020.12,오스트레일리아,
경기도 고양시 일산동구 식사동,주택용지(아파트),29.27,2020.12,크로아티아,
경기도 고양시 일산동구 사리현동,주택용지(아파트),33.2,2020.12,중국,
경기도 고양시 일산동구 식사동,주택용지(아파트),68.01,2020.12,캐나다,
경기도 고양시 일산서구 대화동 ,주택용지(아파트),27.003,2019.01.02,중국,
경기도 고양시 일산서구 일산동,주택용지(아파트),26.83,2019.01.15,중국,
경기도 고양시 일산서구 덕이동 ,주택용지(그 밖의 주택),81.48,2019.01.16,일본,
경기도 고양시 일산서구 덕이동 ,주택용지(그 밖의 주택),31.833,2019.01.18,중국,
경기도 고양시 일산서구 일산동 ,주택용지(그 밖의 주택),42.15,2019.01.23,중국,
경기도 고양시 일산서구 대화동 ,주택용지(아파트),8.3215,2019.01.24,미국,
경기도 고양시 일산서구 가좌동 ,기타,46.365,2019.02.13,중국,
경기도 고양시 일산서구 주엽동 ,주택용지(아파트),38.6988,2019.02.14,미국,
경기도 고양시 일산서구 대화동 ,주택용지(그 밖의 주택),16.0143,2019.02.15,미국,
경기도 고양시 일산서구 대화동 ,주택용지(그 밖의 주택),25.192,2019.02.21,중국,
경기도 고양시 일산서구 탄현동 ,상업용지,"1,113.00",2019.02.22,미국,
경기도 고양시 일산서구 탄현동 ,상업용지,"1,113.00",,미국,
경기도 고양시 일산서구 탄현동 ,상업용지,"1,113.00",,미국,
경기도 고양시 일산서구 탄현동 ,상업용지,"1,113.00",,미국,
경기도 고양시 일산서구 탄현동 ,상업용지,"1,113.00",,미국,
경기도 고양시 일산서구 대화동 ,기타,8.3215,2019.02.22,일본,
경기도 고양시 일산서구 일산동 ,주택용지(아파트),79.297,2019.02.25,캐나다,
경기도 고양시 일산서구 덕이동 ,주택용지(그 밖의 주택),46.96,2019.02.26,중국,
경기도 고양시 일산서구 일산동 ,주택용지(아파트),0.121224,2019.03.04,중국,
경기도 고양시 일산서구 일산동 ,주택용지(아파트),30.629776,,중국,
경기도 고양시 일산서구 덕이동 ,주택용지(그 밖의 주택),70.09,2019.03.06,중국,
경기도 고양시 일산서구 덕이동 ,주택용지(그 밖의 주택),70.09,2019.03.08,중국,
경기도 고양시 일산서구 일산동 ,주택용지(그 밖의 주택),29.821,2019.03.13,중국,
경기도 고양시 일산서구 덕이동 ,주택용지(그 밖의 주택),51.31,2019.03.13,중국,
경기도 고양시 일산서구 탄현동 ,주택용지(아파트),17.2411,2019.03.18,중국,
경기도 고양시 일산서구 일산동 ,주택용지(아파트),0.121224,2019.03.18,미국,
경기도 고양시 일산서구 일산동 ,주택용지(아파트),30.629776,,미국,
경기도 고양시 일산서구 대화동 ,주택용지(아파트),8.726,2019.03.19,중국,
경기도 고양시 일산서구 일산동 ,주택용지(아파트),0.121224,2019.03.19,중국,
경기도 고양시 일산서구 일산동 ,주택용지(아파트),30.629776,,중국,
경기도 고양시 일산서구 대화동 ,주택용지(그 밖의 주택),69.4399,2019.03.26,중국,
경기도 고양시 일산서구 탄현동 ,주택용지(아파트),30.37825,2019.01.22,미국,1
경기도 고양시 일산서구 덕이동 ,주택용지(그 밖의 주택),56.125,2019.03.18,미국,1
경기도 고양시 일산서구 일산동,주택용지(아파트),21.6536,2019.04.02,중국,
경기도 고양시 일산서구 일산동,주택용지(아파트),21.6536,2019.04.02,중국,
경기도 고양시 일산서구 탄현동,주택용지(아파트),14.258,2019.04.19,중국,
경기도 고양시 일산서구 덕이동,주택용지(그 밖의 주택),47.37,2019.04.19,우즈베키스탄,
경기도 고양시 일산서구 덕이동,주택용지(그 밖의 주택),57.25,2019.04.26,이집트,
경기도 고양시 일산서구 주엽동 ,주택용지(그 밖의 주택),19.1168,2019.04.22,중국,
경기도 고양시 일산서구 대화동,기타,16.575,2019.04.24,중국,
경기도 고양시 일산서구 대화동,주택용지(아파트),7.91735,2019.04.29,중국,
경기도 고양시 일산서구 덕이동,주택용지(아파트),60.5,2019.04.30,중국,
경기도 고양시 일산서구 덕이동,주택용지(그 밖의 주택),60.5,2019.04.11,중국,1
경기도 고양시 일산서구 일산동,주택용지(아파트),0.093172,2019.05.17,중국,
경기도 고양시 일산서구 일산동,주택용지(아파트),23.541828,,중국,
경기도 고양시 일산서구 덕이동,주택용지(그 밖의 주택),51.31,2019.05.17,중국,
경기도 고양시 일산서구 대화동,주택용지(단독주택),7.9788,2019.05.17,중국,
경기도 고양시 일산서구 대화동,주택용지(그 밖의 주택),13.7377,2019.05.30,중국,
경기도 고양시 일산서구 덕이동,주택용지(단독주택),647,2019.06.05,오스트레일리아,
경기도 고양시 일산서구 덕이동,기타,571,2019.06.05,오스트레일리아,
경기도 고양시 일산서구 덕이동,주택용지(아파트),81.68823,2019.06.12,중국,
경기도 고양시 일산서구 일산동,주택용지(아파트),50.67,2019.06.14,중국,
경기도 고양시 일산서구 일산동,주택용지(그 밖의 주택),23.788,2019.06.18,대만,
경기도 고양시 일산서구 일산동,주택용지(아파트),26.83,2019.06.20,중국,
경기도 고양시 일산서구 주엽동,주택용지(아파트),82.084,2019.06.27,캐나다,
경기도 고양시 일산서구 일산동,주택용지(아파트),765,2019.06.27,중국,
경기도 고양시 일산서구 일산동,주택용지(아파트),765,2019.06.27,중국,
경기도 고양시 일산서구 일산동,주택용지(아파트),765,2019.06.27,미국,
경기도 고양시 일산서구 일산동,주택용지(아파트),7.1467,2019.07.05,미국,
경기도 고양시 일산서구 일산동,주택용지(아파트),7.1467,2019.07.05,미국,
경기도 고양시 일산서구 일산동,주택용지(아파트),0.344655,2019.07.03,중국,
경기도 고양시 일산서구 일산,주택용지(아파트),0.422854,,중국,
경기도 고양시 일산서구 일산동,주택용지(아파트),0.732753,,중국,
경기도 고양시 일산서구 일산동,주택용지(아파트),3.814371,,중국,
경기도 고양시 일산서구 일산동,주택용지(아파트),6.400729,,중국,
경기도 고양시 일산서구 일산동,주택용지(아파트),9.488139,,중국,
경기도 고양시 일산서구 일산동,주택용지(아파트),0.344655,2019.07.03,중국,
경기도 고양시 일산서구 일산동,주택용지(아파트),0.422854,,중국,
경기도 고양시 일산서구 일산동,주택용지(아파트),0.732753,,중국,
경기도 고양시 일산서구 일산동,주택용지(아파트),3.814371,,중국,
경기도 고양시 일산서구 일산동 ,주택용지(아파트),6.400729,,중국,
경기도 고양시 일산서구 일산동,주택용지(아파트),9.488139,,중국,
경기도 고양시 일산서구 일산동,주택용지(아파트),27.657,2019.07.30,중국,
경기도 고양시 일산서구 일산동,주택용지(아파트),36.1,2019.08.06,중국,
경기도 고양시 일산서구 덕이동,주택용지(아파트),33.8964,2019.08.07,중국,
경기도 고양시 일산서구 탄현동,주택용지(아파트),0.076984,2019.08.28,중국,
경기도 고양시 일산서구 탄현동,주택용지(아파트),0.09341,,중국,
경기도 고양시 일산서구 탄현동,주택용지(아파트),0.215261,,중국,
경기도 고양시 일산서구 탄현동,주택용지(아파트),0.614891,,중국,
경기도 고양시 일산서구 탄현동,주택용지(아파트),1.254789,,중국,
경기도 고양시 일산서구 탄현동 ,주택용지(아파트),12.384603,,중국,
경기도 고양시 일산서구 탄현동,주택용지(아파트),14.240062,,중국,
경기도 고양시 일산서구 가좌동,주택용지(아파트),53.7659,2019.09.03,미국,
경기도 고양시 일산서구 일산동,주택용지(아파트),21.911,2019.09.03,중국,
경기도 고양시 일산서구 덕이동,주택용지(아파트),66.7401,2019.09.06,중국,
경기도 고양시 일산서구 덕이동,주택용지(그 밖의 주택),56.125,2019.10.01,중국,
경기도 고양시 일산서구 일산동,주택용지(아파트),33.18,2019.09.10,중국,
경기도 고양시 일산서구 일산동,주택용지(아파트),0.515675,,중국,
경기도 고양시 일산서구 일산동,주택용지(아파트),0.881909,,중국,
경기도 고양시 일산서구 일산동,주택용지(아파트),1.824858,,중국,
경기도 고양시 일산서구 덕이동 ,주택용지(아파트),38.26305,2019.09.24,중국,
경기도 고양시 일산서구 덕이동,주택용지(아파트),38.26305,2019.09.24,중국,
경기도 고양시 일산서구 덕이동 ,주택용지(그 밖의 주택),56.125,2019.09.05,중국,1
경기도 고양시 일산서구 덕이동,주택용지(그 밖의 주택),27.16,20181114,중국,
경기도 고양시 일산서구 주엽동,주택용지(아파트),22.4055,20190118,캐나다,
경기도 고양시 일산서구 주엽동,주택용지(아파트),22.4055,20190118,캐나다,
경기도 고양시 일산서구 덕이동,기타,66,20191011,미국,
경기도 고양시 일산서구 일산동,주택용지(아파트),25.7,20191003,러시아,
경기도 고양시 일산서구 일산동,주택용지(아파트),76.97,20191016,대만,
경기도 고양시 일산서구 덕이동,주택용지(아파트),76.53,20190927,대만,
경기도 고양시 일산서구 대화동,주택용지(아파트),8.58,20191017,말레이지아,
경기도 고양시 일산서구 대화동,주택용지(아파트),8.81,20191017,말레이지아,
경기도 고양시 일산서구 덕이동,주택용지(아파트),66.74,20190924,중국,
경기도 고양시 일산서구 일산동,주택용지(아파트),7.7756,20191105,중국,
경기도 고양시 일산서구 대화동,주택용지(그 밖의 주택),13.7377,20191011,인도,
경기도 고양시 일산서구 일산동,주택용지(아파트),21.911,20191112,중국,
경기도 고양시 일산서구 대화동,주택용지(아파트),95.717,20190720,미국,
경기도 고양시 일산서구 주엽동,주택용지(아파트),28.02,20191108,중국,
경기도 고양시 일산서구 덕이동,상업용지,393.3333,20191115,미국,
경기도 고양시 일산서구 탄현동,주택용지(아파트),48.91,20191107,미국,
경기도 고양시 일산서구 일산동,주택용지(아파트),18.16,20191025,미국,
경기도 고양시 일산서구 덕이동,주택용지(아파트),37.67,20191029,뉴질랜드,
경기도 고양시 일산서구 덕이동,주택용지(아파트),37.67,20191029,뉴질랜드,
경기도 고양시 일산서구 대화동,기타,13.7,20191029,오스트레일리아,
경기도 고양시 일산서구 덕이동,주택용지(그 밖의 주택),32.50875,20190915,중국,
경기도 고양시 일산서구 일산동,주택용지(아파트),12.137,20191025,미국,
경기도 고양시 일산서구 덕이동,주택용지(그 밖의 주택),57.05,20191128,중국,1
경기도 고양시 일산서구 덕이동,주택용지(단독주택),45.44,20191025,중국,
경기도 고양시 일산서구 일산동,주택용지(아파트),38.036,20191119,중국,
경기도 고양시 일산서구 일산동,주택용지(아파트),42.1185,20191123,미국,
경기도 고양시 일산서구 주엽동,주택용지(아파트),26.16,20191114,우즈베키스탄,
경기도 고양시 일산서구 주엽동,주택용지(아파트),53.7,20191030,미국,
경기도 고양시 일산서구 일산동,주택용지(아파트),39.03,20191202,중국,
경기도 고양시 일산서구 일산동,주택용지(아파트),1.18,20191202,중국,
경기도 고양시 일산서구 주엽동,주택용지(아파트),37.79,20191218,미국,
경기도 고양시 일산서구 일산동,주택용지(아파트),20.63,20191116,중국,
경기도 고양시 일산서구 대화동,주택용지(아파트),24.48,20191223,중국,
경기도 고양시 일산서구 일산동,주택용지(아파트),27.794,20191223,중국,
경기도 고양시 일산서구 덕이동,주택용지(그 밖의 주택),74.87,20191109,베트남,
경기도 고양시 일산서구 일산동,주택용지(아파트),33.63,20191204,중국,
경기도 고양시 일산서구 덕이동,주택용지(아파트),90.7647,20191206,중국,
경기도 고양시 일산서구 대화동,주택용지(아파트),39.23,20200104,캐나다,
경기도 고양시 일산서구 덕이동,주택용지(아파트),53.2408,20200116,미국,
경기도 고양시 일산서구 대화동,주택용지(아파트),54.006,20200116,캐나다,
경기도 고양시 일산서구 법곳동,기타,33,20200213,중국,
경기도 고양시 일산서구 덕이동,주택용지(아파트),90.7647,20200131,이탈리아,
경기도 고양시 일산서구 덕이동,주택용지(아파트),90.7647,20200203,뉴질랜드,
경기도 고양시 일산서구 탄현동,주택용지(아파트),21.81,20200221,대만,
경기도 고양시 일산서구 덕이동,주택용지(그 밖의 주택),63,20180918,중국,
경기도 고양시 일산서구 일산동,주택용지(아파트),41.191,20200225,중국,
경기도 고양시 일산서구 덕이동,주택용지(아파트),89.3554,20200228,중국,
경기도 고양시 일산서구 대화동,주택용지(아파트),12.1916,20200131,미국,
경기도 고양시 일산서구 덕이동,주택용지(아파트),44.68,20200311,중국,
경기도 고양시 일산서구 덕이동,주택용지(아파트),89.3554,20200228,미국,
경기도 고양시 일산서구 일산동,상업용지,9.31,20200227,미국,
경기도 고양시 일산서구 일산동,주택용지(아파트),38.036,20200321,중국,
경기도 고양시 일산서구 덕이동,주택용지(아파트),90.7647,20200325,대만,
경기도 고양시 일산서구 일산동,주택용지(아파트),11.6,20200406,중국,
경기도 고양시 일산서구 일산동,주택용지(아파트),11.6,20200406,중국,
경기도 고양시 일산서구 덕이동,주택용지(그 밖의 주택),32.50875,20190916,중국,
경기도 고양시 일산서구 덕이동,주택용지(그 밖의 주택),32.50875,20190916,중국,
경기도 고양시 일산서구 일산동,주택용지(아파트),21.7923,20200407,미국,
경기도 고양시 일산서구 일산동,주택용지(아파트),32.22,20200415,중국,
경기도 고양시 일산서구 주엽동,주택용지(아파트),33.913,20200227,미국,
경기도 고양시 일산서구 주엽동,주택용지(아파트),37.6,20200419,중국,
경기도 고양시 일산서구 탄현동,주택용지(아파트),31.43,20200505,미국,
경기도 고양시 일산서구 탄현동,주택용지(아파트),12.38,20200513,중국,
경기도 고양시 일산서구 탄현동,주택용지(아파트),14.24,20200513,중국,
경기도 고양시 일산서구 탄현동,주택용지(아파트),0.09,20200513,중국,
경기도 고양시 일산서구 탄현동,주택용지(아파트),0.22,20200513,중국,
경기도 고양시 일산서구 탄현동,주택용지(아파트),0.08,20200513,중국,
경기도 고양시 일산서구 탄현동,주택용지(아파트),0.61,20200513,중국,
경기도 고양시 일산서구 탄현동,주택용지(아파트),1.25,20200513,중국,
경기도 고양시 일산서구 대화동,상업용지,6.86885,20200522,중국,
경기도 고양시 일산서구 일산동,주택용지(아파트),36.847,20200521,중국,
경기도 고양시 일산서구 대화동,주택용지(아파트),13.7,20200526,미국,
경기도 고양시 일산서구 대화동,주택용지(아파트),56.47,20200512,중국,
경기도 고양시 일산서구 일산동,주택용지(아파트),11.3,20200520,중국,
경기도 고양시 일산서구 일산동,주택용지(아파트),11.3,20200520,중국,
경기도 고양시 일산서구 일산동,주택용지(아파트),11.3,20200520,중국,
경기도 고양시 일산서구 덕이동,주택용지(그 밖의 주택),51.31,20181111,중국,
경기도 고양시 일산서구 덕이동,주택용지(그 밖의 주택),31.05,20200611,중국,
경기도 고양시 일산서구 덕이동,주택용지(그 밖의 주택),29.08,20200611,중국,
경기도 고양시 일산서구 탄현동,주택용지(아파트),26.3272,20200607,영국,
경기도 고양시 일산서구 대화동,기타,6.84775,20200601,미국,
경기도 고양시 일산서구 일산동,주택용지(아파트),34.88,20200609,중국,
경기도 고양시 일산서구 대화동,주택용지(그 밖의 주택),15.83,20200618,뉴질랜드,
경기도 고양시 일산서구 주엽동,주택용지(아파트),37.173,20200616,미국,
경기도 고양시 일산서구 대화동,기타,13.6684,20161124,미국,
경기도 고양시 일산서구 일산동,주택용지(아파트),35.85,20200618,중국,
경기도 고양시 일산서구 대화동,주택용지(그 밖의 주택),13.7377,20181124,미국,
경기도 고양시 일산서구 일산동,주택용지(아파트),30.49,20200610,중국,
경기도 고양시 일산서구 탄현동,주택용지(아파트),26.3272,20200610,중국,
경기도 고양시 일산서구 탄현동,주택용지(아파트),13.16,20200616,미국,
경기도 고양시 일산서구 탄현동,주택용지(아파트),13.16,20200616,미국,
경기도 고양시 일산서구 가좌동,주택용지(아파트),53.7916,20200625,미국,
경기도 고양시 일산서구 탄현동,주택용지(아파트),30.8211,20200614,미국,
경기도 고양시 일산서구 가좌동,주택용지(아파트),26.88,20200620,오스트레일리아,
경기도 고양시 일산서구 탄현동,주택용지(아파트),26.3272,20200618,미국,
경기도 고양시 일산서구 덕이동,상업용지,1597,20180809,미국,
경기도 고양시 일산서구 덕이동,상업용지,1597,20180809,미국,
경기도 고양시 일산서구 덕이동,상업용지,195,20180809,미국,
경기도 고양시 일산서구 덕이동,상업용지,43.076349,20180809,미국,
경기도 고양시 일산서구 덕이동,상업용지,32,20180809,미국,
경기도 고양시 일산서구 탄현동,주택용지(아파트),36.5942,20200627,중국,
경기도 고양시 일산서구 덕이동,주택용지(그 밖의 주택),60.13,20200608,중국,1
경기도 고양시 일산서구 탄현동,주택용지(아파트),36.5942,20200622,중국,1
경기도 고양시 일산서구 덕이동,상업용지,30.77,20200630,미국,
경기도 고양시 일산서구 일산동,주택용지(아파트),36.14,20200623,중국,
경기도 고양시 일산서구 일산동,주택용지(아파트),27.657,20200623,중국,
경기도 고양시 일산서구 일산동,주택용지(아파트),36.31,20200702,오스트레일리아,
경기도 고양시 일산서구 탄현동,주택용지(아파트),30.8211,20200627,오스트레일리아,
경기도 고양시 일산서구 주엽동,주택용지(아파트),36.89,20200612,중국,
경기도 고양시 일산서구 탄현동,주택용지(아파트),22.89,20200718,중국,
경기도 고양시 일산서구 탄현동,주택용지(아파트),22.89,20200718,중국,
경기도 고양시 일산서구 주엽동,주택용지(아파트),19.41,20200703,중국,
경기도 고양시 일산서구 덕이동,주택용지(아파트),32.8,20200707,미국,
경기도 고양시 일산서구 주엽동,상업용지,17.774,20200724,캐나다,
경기도 고양시 일산서구 주엽동,상업용지,15.171,20200724,캐나다,
경기도 고양시 일산서구 주엽동,상업용지,13.485,20200724,캐나다,
경기도 고양시 일산서구 주엽동,상업용지,13.86,20200724,캐나다,
경기도 고양시 일산서구 주엽동,상업용지,20.416,20200724,캐나다,
경기도 고양시 일산서구 주엽동,상업용지,20.416,20200724,캐나다,
경기도 고양시 일산서구 주엽동,상업용지,6.975,20200724,캐나다,
경기도 고양시 일산서구 주엽동,상업용지,7.847,20200724,캐나다,
경기도 고양시 일산서구 주엽동,상업용지,7.847,20200724,캐나다,
경기도 고양시 일산서구 주엽동,상업용지,5.231,20200724,캐나다,
경기도 고양시 일산서구 주엽동,상업용지,5.231,20200724,캐나다,
경기도 고양시 일산서구 주엽동,상업용지,5.813,20200724,캐나다,
경기도 고양시 일산서구 주엽동,상업용지,6.975,20200724,캐나다,
경기도 고양시 일산서구 주엽동,상업용지,7.847,20200724,캐나다,
경기도 고양시 일산서구 주엽동,상업용지,7.847,20200724,캐나다,
경기도 고양시 일산서구 주엽동,상업용지,5.813,20200724,캐나다,
경기도 고양시 일산서구 주엽동,상업용지,9.494,20200724,캐나다,
경기도 고양시 일산서구 주엽동,상업용지,9.494,20200724,캐나다,
경기도 고양시 일산서구 주엽동,상업용지,11.393,20200724,캐나다,
경기도 고양시 일산서구 주엽동,상업용지,25.634,20200724,캐나다,
경기도 고양시 일산서구 주엽동,상업용지,25.634,20200724,캐나다,
경기도 고양시 일산서구 주엽동,상업용지,18.672,20200724,캐나다,
경기도 고양시 일산서구 주엽동,상업용지,15.823,20200724,캐나다,
경기도 고양시 일산서구 주엽동,상업용지,42.142,20200724,캐나다,
경기도 고양시 일산서구 일산동,주택용지(아파트),21.7923,20200720,중국,
경기도 고양시 일산서구 일산동,주택용지(아파트),27.657,20200718,중국,
경기도 고양시 일산서구 덕이동,주택용지(아파트),47.15,20200724,미국,
경기도 고양시 일산서구 일산동,주택용지(아파트),16.82,20200722,중국,
경기도 고양시 일산서구 대화동,주택용지(아파트),53.6,20200723,중국,
경기도 고양시 일산서구 탄현동,주택용지(아파트),32.81,20200825,일본,
경기도 고양시 일산서구 탄현동,주택용지(아파트),32.81,20200831,중국,
경기도 고양시 일산서구 주엽동,주택용지(아파트),46.43,20200827,캐나다,
경기도 고양시 일산서구 주엽동,상업용지,6.22,20200131,미국,
경기도 고양시 일산서구 덕이동,주택용지(그 밖의 주택),62.81,20200914,중국,
경기도 고양시 일산서구 덕이동,주택용지(아파트),44.62,20200911,중국,
경기도 고양시 일산서구 일산동,상업용지,1.602,20200904,미국,
경기도 고양시 일산서구 일산동,상업용지,8.78,20200904,미국,
경기도 고양시 일산서구 일산동,상업용지,2.015,20200904,미국,
경기도 고양시 일산서구 일산동,상업용지,8.72,20200904,미국,
경기도 고양시 일산서구 일산동,상업용지,14.06,20200904,미국,
경기도 고양시 일산서구 일산동,상업용지,4.157,20200904,미국,
경기도 고양시 일산서구 일산동,상업용지,15.191,20200904,미국,
경기도 고양시 일산서구 일산동,상업용지,47,20200904,미국,
경기도 고양시 일산서구 일산동,상업용지,47,20200904,미국,
경기도 고양시 일산서구 탄현동,주택용지(아파트),32.81,20200912,중국,
경기도 고양시 일산서구 주엽동,주택용지(아파트),50.118,20200911,미국,
경기도 고양시 일산서구 덕이동,주택용지(그 밖의 주택),59.0743,20191005,중국,
경기도 고양시 일산서구 덕이동,주택용지(그 밖의 주택),62.8125,20200908,중국,1
경기도 고양시 일산서구 덕이동,주택용지(그 밖의 주택),35.17715,20200512,중국,
경기도 고양시 일산서구 일산동,주택용지(아파트),19.27,20201005,중국,
경기도 고양시 일산서구 덕이동,주택용지(그 밖의 주택),25.175,20201008,중국,
경기도 고양시 일산서구 일산동,주택용지(아파트),27.37,20201009,중국,
경기도 고양시 일산서구 덕이동,주택용지(그 밖의 주택),38.45,20200925,중국,
경기도 고양시 일산서구 덕이동,주택용지(그 밖의 주택),11.83,20200925,중국,
경기도 고양시 일산서구 덕이동,주택용지(그 밖의 주택),9.38,20200925,중국,
경기도 고양시 일산서구 대화동,주택용지(아파트),53.8789,20200922,캐나다,
경기도 고양시 일산서구 일산동,주택용지(아파트),41.258,20200930,중국,
경기도 고양시 일산서구 주엽동,주택용지(아파트),25.78,20201023,중국,
경기도 고양시 일산서구 가좌동,주택용지(아파트),53.7659,20201017,중국,
경기도 고양시 일산서구 주엽동,주택용지(아파트),62.618,20201009,오스트레일리아,
경기도 고양시 일산서구 덕이동,주택용지(아파트),95.58,20201026,모로크,
경기도 고양시 일산서구 덕이동,주택용지(아파트),95.58,20201028,미국,
경기도 고양시 일산서구 일산동,주택용지(아파트),29.95,20201110,미국,
경기도 고양시 일산서구 일산동,주택용지(아파트),30.82,20201123,중국,
경기도 고양시 일산서구 일산동,주택용지(아파트),21.07,20201116,중국,
경기도 고양시 일산서구 일산동,주택용지(아파트),0.62,20201116,중국,
경기도 고양시 일산서구 일산동,주택용지(아파트),1.28,20201116,중국,
경기도 고양시 일산서구 일산동,주택용지(아파트),0.36,20201116,중국,
경기도 고양시 일산서구 대화동,상업용지,146.34,20201208,미국,
경기도 고양시 일산서구 가좌동,주택용지(아파트),53.7659,20201209,미국,
경기도 고양시 일산서구 일산동,주택용지(아파트),17.14,20201216,중국,
경기도 고양시 일산서구 일산동,주택용지(아파트),0.5,20201216,중국,
경기도 고양시 일산서구 일산동,주택용지(아파트),1.04,20201216,중국,
경기도 고양시 일산서구 일산동,주택용지(아파트),0.29,20201216,중국,
경기도 고양시 일산서구 주엽동,주택용지(아파트),24.22,20201214,중국,
경기도 고양시 일산서구 탄현동,주택용지(아파트),32.81,20200912,중국,
경기도 고양시 일산서구 법곳동,,368,20201127,미국,
경기도 고양시 일산서구 덕이동,공장용지,417.5,20201229,미국,
